{
    "finger_cols": [
        "thumb",
        "index",
        "middle",
        "pinky"
    ],
    "x_cols": [
        "ch_1_sma_mean_1024ms",
        "ch_2_sma_mean_1024ms",
        "ch_3_sma_mean_1024ms",
        "ch_4_sma_mean_1024ms",
        "ch_5_sma_mean_1024ms",
        "ch_6_sma_mean_1024ms",
        "ch_7_sma_mean_1024ms",
        "ch_8_sma_mean_1024ms"
    ],
    "exg_fs": 250.0,
    "ema_methods": [],
    "ema_intervals": [],
    "sma_methods": [
        "mean"
    ],
    "sma_intervals": [
        1024
    ],
    "mean": [
        10.930539845327488,
        6.06828402814803,
        11.376305901431799,
        7.56508918294647,
        6.548020546357246,
        3.983152493780605,
        5.738719077408854,
        10.057573564496165
    ],
    "std": [
        4.980915034664812,
        3.475022672325338,
        5.92972499744665,
        3.4183519882883893,
        2.8435062914828144,
        3.453499168608767,
        3.0440774921225953,
        6.068473841452114
    ],
    "iir_params": {
        "num_channels": 8,
        "fs": 250.0,
        "lowpass_fs": 125.0,
        "highpass_fs": 10,
        "notch_fs_list": [
            50,
            60
        ],
        "filter_order": 4
    }
}